13.42.100.36,theenergyshop.com,
3.8.81.86,theenergyshop.com,
104.21.53.27,vvikipedla.com,
172.67.208.13,vvikipedla.com,
35.190.16.47,gymstore.com,
172.67.200.126,relentlessman.com,
104.21.60.196,relentlessman.com,
216.239.32.21,ishinhotels.com,
216.239.38.21,ishinhotels.com,
216.239.36.21,ishinhotels.com,
216.239.34.21,ishinhotels.com,
198.140.181.111,thormx.com,
34.168.30.71,matter.health,
34.83.23.240,matter.health,
52.21.33.16,tennis-point.de,
52.2.56.64,tennis-point.de,
104.18.130.10,simplelegal.com,
104.16.137.24,simplelegal.com,
172.67.161.41,uggbootscheap.com.co,
104.21.90.204,uggbootscheap.com.co,
138.91.112.90,smitherspira.com,
77.68.100.186,lockhatters.co.uk,
104.26.0.120,prolificstudio.co,
104.26.1.120,prolificstudio.co,
172.67.71.217,prolificstudio.co,
34.206.96.136,nclud.com,
104.21.75.64,deltatiming.com,
172.67.215.183,deltatiming.com,
104.131.3.147,sbcode.net,
205.198.162.51,menchuangpeijian.net,
46.163.76.215,xn--alkoholafvnning-6lb.dk,
213.206.207.58,echtebakker.nl,
172.67.164.99,darknet-markets24.com,
104.21.66.214,darknet-markets24.com,
64.126.133.29,aldenshoe.com,
54.194.190.164,uip.com,
140.82.15.234,tipsmafia.org,
23.227.38.32,axiologybeauty.com,
104.21.91.134,trangbioto.com,
172.67.220.84,trangbioto.com,
35.232.219.224,leanpath.com,
188.65.36.147,themall.co.uk,
108.160.156.25,andoverfamilymed.com,
208.90.189.81,countyofplumas.com,
64.90.49.16,chaosmatrix.org,
104.21.95.170,babyboxco.com,
172.67.146.57,babyboxco.com,
188.165.61.82,keymantics.com,
199.59.243.223,grandcentralfoodhalles.com,
23.236.62.147,hosphouse.org,
192.124.249.184,americanvan.com,
23.227.38.65,lockhatters.com,
208.91.197.127,hohl.biz,
198.49.23.145,slightlystoopid.com,
198.185.159.145,slightlystoopid.com,
198.49.23.144,slightlystoopid.com,
198.185.159.144,slightlystoopid.com,
216.239.32.21,corsicastudios.com,
216.239.34.21,corsicastudios.com,
216.239.36.21,corsicastudios.com,
216.239.38.21,corsicastudios.com,
206.169.66.105,leftlanesports.com,
104.21.64.26,dogleterre.com,
172.67.175.11,dogleterre.com,
34.237.7.9,carreiraliteraria.com,
104.18.33.19,aafmaa.com,
172.64.154.237,aafmaa.com,
13.33.21.20,flash-slideshow-maker.com,
13.33.21.4,flash-slideshow-maker.com,
13.33.21.126,flash-slideshow-maker.com,
13.33.21.112,flash-slideshow-maker.com,
18.155.202.126,chiotsrun.com,
18.155.202.62,chiotsrun.com,
18.155.202.36,chiotsrun.com,
18.155.202.3,chiotsrun.com,
45.60.121.135,citytv.com.co,
45.60.131.135,citytv.com.co,
169.62.55.10,kicomunicacion.com,
52.50.67.16,micolet.com,
99.81.38.61,micolet.com,
52.215.73.144,micolet.com,
208.91.197.26,jernia.com,
3.105.169.255,myhealth1st.com.au,
13.210.135.250,myhealth1st.com.au,
3.123.74.0,sihh.org,
208.91.197.27,shoplocket.com,
67.225.137.76,takover.com,
104.26.1.130,gapphotos.com,
172.67.70.132,gapphotos.com,
104.26.0.130,gapphotos.com,
66.175.58.9,ipt-forensics.com,
23.227.38.32,swaddledesigns.com,
192.64.74.174,swaddledesigns.com,
35.208.9.144,coconutandlime.com,
172.67.182.113,soccersociety.info,
104.21.59.187,soccersociety.info,
66.81.203.139,applied-rating.biz,
104.21.33.182,pueblosdecastillayleon.com,
172.67.191.61,pueblosdecastillayleon.com,
184.168.111.198,6wresearch.com,
162.241.217.237,gloryofthesnow.com,
75.2.65.169,croquonslavie.fr,
99.83.129.68,croquonslavie.fr,
172.67.188.152,streampornsites.com,
104.21.19.198,streampornsites.com,
208.109.66.54,statisticshelper.com,
213.175.196.26,dmkspain.net,
35.214.233.255,morocutti.it,
172.67.134.143,eilly.us,
104.21.6.64,eilly.us,
104.21.91.45,picklee.com,
172.67.210.51,picklee.com,
68.178.247.40,kingcorn.net,
104.21.77.197,jeevika.co.in,
172.67.211.110,jeevika.co.in,
35.190.1.20,twistcams.com,
72.47.252.212,amvicsystem.com,
104.21.9.27,love-catcher3.com,
172.67.141.46,love-catcher3.com,
212.30.70.217,strokahosting.net,
104.21.57.239,servingdumplings.com,
172.67.193.222,servingdumplings.com,
34.111.67.160,chathamthisweek.com,
165.22.215.220,thelivemirror.com,
108.139.1.77,conects.com,
108.139.1.113,conects.com,
108.139.1.87,conects.com,
108.139.1.72,conects.com,
52.209.163.126,japmaonline.org,
52.208.51.250,japmaonline.org,
13.238.31.204,dailyhawker.com.au,
104.21.68.217,candytech.in,
172.67.198.246,candytech.in,
99.86.38.67,clvgroup.com,
99.86.38.4,clvgroup.com,
99.86.38.49,clvgroup.com,
99.86.38.20,clvgroup.com,
172.67.212.5,fb88b.com,
104.21.53.107,fb88b.com,
112.175.50.243,e-wonchang.co.kr,
192.124.249.183,expandinglight.org,
93.184.216.192,92moose.fm,
188.66.19.66,houseofrepresentatives.nl,
173.254.29.233,binaryconvert.com,
66.81.203.139,sankatymmg.at,
104.22.42.135,aviatur.com,
104.22.43.135,aviatur.com,
172.67.14.123,aviatur.com,
185.185.24.14,space4games.com,
45.76.60.230,shadowspear.com,
157.230.250.208,europeanporkbeef.com,
94.136.40.82,brandalism.org.uk,
172.67.203.204,rukkus.com,
